<?xml version="1.0" encoding="UTF-8" standalone="yes"?>
<addon id="plugin.video.icovideo" name="ico video"
	version="1.0.0" provider-name="ico">
	<requires>
		<import addon="xbmc.python" version="2.1" />
	</requires>
	<extension point="xbmc.python.pluginsource" library="default.py">
		<provides>video</provides>
	</extension>
	<extension point="xbmc.addon.metadata">
		<summary lang="en">ico video</summary>
		<description lang="en">ico video
		</description>
		<platform>all</platform>
		<language>en</language>
		<email>ico</email>
	</extension>
</addon>
