<?xml version='1.0' encoding='UTF-8' standalone='yes'?>
<addon id='plugin.video.icovideo' version='0.0.6' name='IcoVideo' provider-name='Ico'>
  <requires>
    <import addon='xbmc.python' version='2.0'/>
  </requires>
  <extension point='xbmc.python.pluginsource' library='default.py'>
        <provides>video</provides>
  </extension>
  <extension point='xbmc.addon.metadata'>
    <platform>all</platform>
    <summary lang='en'>video plugin</summary>
    <description lang='en'>Plugin that lets you browse and play videos from everybody's favorite video site!</description>
    <disclaimer lang='en'>Some parts of this addon may not be legal in your country of residence - please check with your local laws before installing.</disclaimer>
  </extension>
</addon>
